param,00_default.param,13_initial_atc.param,23_optional_pid_adjustment.param,30_quick_tune_results.param,36_autotune_roll_results.param,38_autotune_pitch_results.param,40_autotune_yaw_results.param,42_autotune_yawd_results.param,44_autotune_roll_pitch_retune_results.param
ATC_ACCEL_P_MAX,110000.0,187100.0,,,,343785.90625,,,338304.5
ATC_ACCEL_R_MAX,110000.0,187100.0,,,526010.3125,,,,495016.8125
ATC_ACCEL_Y_MAX,27000.0,32800.0,,,,,74877.898438,77811.109375,
ATC_ANG_PIT_P,4.5,,,,,30.871704,,,29.173761
ATC_ANG_RLL_P,4.5,,,,35.631699,,,,32.068527
ATC_ANG_YAW_P,4.5,5.5,,,,,13.560329,15.576117,
ATC_RAT_PIT_FLTD,20.0,50.5,,,,,,,
ATC_RAT_PIT_FLTE,0.0,0.0,,,,,,,
ATC_RAT_PIT_FLTT,20.0,50.5,,,,,,,
ATC_RAT_RLL_FLTD,20.0,50.5,,,,,,,
ATC_RAT_RLL_FLTE,0.0,0.0,,,,,,,
ATC_RAT_RLL_FLTT,20.0,50.5,,,,,,,
ATC_RAT_YAW_FLTD,20.0,0.0,,50.5,,,,,
ATC_RAT_YAW_FLTE,2.5,2.0,,,,,2.56671,,
ATC_RAT_YAW_FLTT,20.0,50.5,,,,,,,
ATC_RAT_PIT_D,0.0036,,,0.003486,,0.003929,,,0.003625
ATC_RAT_PIT_I,0.135,,,0.205496,,0.230567,,,0.223185
ATC_RAT_PIT_P,0.135,,,0.205496,,0.230567,,,0.223185
ATC_RAT_RLL_D,0.0036,,,0.002304,0.00175,,,,0.001712
ATC_RAT_RLL_I,0.135,,,0.105537,0.102966,,,,0.101431
ATC_RAT_RLL_P,0.135,,,0.105537,0.102966,,,,0.101431
ATC_RAT_YAW_D,0.0,,,0.01,,,,0.00883,
ATC_RAT_YAW_I,0.018,,,0.05,,,0.02231,0.018796,
ATC_RAT_YAW_P,0.18,,,0.5,,,0.2231,0.187958,
INS_ACCEL_FILTER,20.0,10.0,,,,,,,
INS_GYRO_FILTER,20.0,101.0,,,,,,,
